{
  "roc_auc": 0.6855644279484733,
  "precision": 0.5437262357414449,
  "recall": 0.4005602240896359,
  "f1": 0.4612903225806452,
  "accuracy": 0.666
}